benchmark,language,run,time_ms
fibonacci,c,1,24
fibonacci,c,2,17
fibonacci,c,3,26
fibonacci,go,1,216
fibonacci,go,2,257
fibonacci,go,3,91
fibonacci,rust,1,195
fibonacci,rust,2,115
fibonacci,rust,3,74
fibonacci,python,1,1886
fibonacci,python,2,1508
fibonacci,python,3,1757
fibonacci,typescript,1,4658
fibonacci,typescript,2,1166
fibonacci,typescript,3,1310
fibonacci,lumen,1,108
fibonacci,lumen,2,78
fibonacci,lumen,3,97
fibonacci,lumen-interp,1,7303
fibonacci,lumen-interp,2,5819
fibonacci,lumen-interp,3,5842
json_parse,c,1,1
json_parse,c,2,1
json_parse,c,3,1
json_parse,go,1,14
json_parse,go,2,13
json_parse,go,3,13
json_parse,rust,1,3
json_parse,rust,2,4
json_parse,rust,3,3
json_parse,python,1,23
json_parse,python,2,23
json_parse,python,3,23
json_parse,typescript,1,698
json_parse,typescript,2,573
json_parse,typescript,3,571
json_parse,lumen,1,86
json_parse,lumen,2,85
json_parse,lumen,3,93
json_parse,lumen-interp,1,87
json_parse,lumen-interp,2,88
json_parse,lumen-interp,3,91
string_ops,c,1,1
string_ops,c,2,1
string_ops,c,3,1
string_ops,go,1,3
string_ops,go,2,2
string_ops,go,3,2
string_ops,rust,1,1
string_ops,rust,2,1
string_ops,rust,3,1
string_ops,python,1,13
string_ops,python,2,12
string_ops,python,3,13
string_ops,typescript,1,653
string_ops,typescript,2,574
string_ops,typescript,3,574
string_ops,lumen,1,11
string_ops,lumen,2,13
string_ops,lumen,3,11
string_ops,lumen-interp,1,12
string_ops,lumen-interp,2,12
string_ops,lumen-interp,3,12
tree,c,1,23
tree,c,2,21
tree,c,3,22
tree,go,1,22
tree,go,2,20
tree,go,3,21
tree,rust,1,28
tree,rust,2,25
tree,rust,3,25
tree,python,1,661
tree,python,2,613
tree,python,3,652
tree,typescript,1,690
tree,typescript,2,632
tree,typescript,3,849
tree,lumen,1,422
tree,lumen,2,426
tree,lumen,3,451
tree,lumen-interp,1,430
tree,lumen-interp,2,419
tree,lumen-interp,3,424
sort,c,1,56
sort,c,2,56
sort,c,3,55
sort,go,1,65
sort,go,2,63
sort,go,3,62
sort,rust,1,22
sort,rust,2,23
sort,rust,3,23
sort,python,1,543
sort,python,2,540
sort,python,3,553
sort,typescript,1,873
sort,typescript,2,787
sort,typescript,3,789
sort,lumen,1,WRONG
sort,lumen,2,WRONG
sort,lumen,3,WRONG
sort,lumen-interp,1,WRONG
sort,lumen-interp,2,WRONG
sort,lumen-interp,3,WRONG
nbody,c,1,51
nbody,c,2,53
nbody,c,3,52
nbody,go,1,67
nbody,go,2,66
nbody,go,3,66
nbody,rust,1,44
nbody,rust,2,43
nbody,rust,3,44
nbody,python,1,5137
nbody,python,2,4979
nbody,python,3,4952
nbody,typescript,1,722
nbody,typescript,2,693
nbody,typescript,3,645
nbody,lumen,1,WRONG
nbody,lumen,2,WRONG
nbody,lumen,3,WRONG
nbody,lumen-interp,1,WRONG
nbody,lumen-interp,2,WRONG
nbody,lumen-interp,3,WRONG
fannkuch,c,1,151
fannkuch,c,2,146
fannkuch,c,3,146
fannkuch,go,1,153
fannkuch,go,2,154
fannkuch,go,3,153
fannkuch,rust,1,166
fannkuch,rust,2,165
fannkuch,rust,3,167
fannkuch,python,1,4650
fannkuch,python,2,4630
fannkuch,python,3,4690
fannkuch,typescript,1,896
fannkuch,typescript,2,882
fannkuch,typescript,3,803
fannkuch,lumen,1,17139
fannkuch,lumen,2,17083
fannkuch,lumen,3,16938
fannkuch,lumen-interp,1,17989
fannkuch,lumen-interp,2,17077
fannkuch,lumen-interp,3,17683
matrix_mult,c,1,4
matrix_mult,c,2,4
matrix_mult,c,3,4
matrix_mult,go,1,9
matrix_mult,go,2,8
matrix_mult,go,3,8
matrix_mult,rust,1,7
matrix_mult,rust,2,8
matrix_mult,rust,3,8
matrix_mult,python,1,974
matrix_mult,python,2,791
matrix_mult,python,3,777
matrix_mult,typescript,1,701
matrix_mult,typescript,2,595
matrix_mult,typescript,3,616
matrix_mult,lumen,1,WRONG
matrix_mult,lumen,2,WRONG
matrix_mult,lumen,3,WRONG
matrix_mult,lumen-interp,1,WRONG
matrix_mult,lumen-interp,2,WRONG
matrix_mult,lumen-interp,3,WRONG
primes_sieve,c,1,2
primes_sieve,c,2,2
primes_sieve,c,3,2
primes_sieve,go,1,5
primes_sieve,go,2,4
primes_sieve,go,3,3
primes_sieve,rust,1,2
primes_sieve,rust,2,3
primes_sieve,rust,3,2
primes_sieve,python,1,198
primes_sieve,python,2,179
primes_sieve,python,3,209
primes_sieve,typescript,1,627
primes_sieve,typescript,2,556
primes_sieve,typescript,3,568
primes_sieve,lumen,1,344
primes_sieve,lumen,2,335
primes_sieve,lumen,3,338
primes_sieve,lumen-interp,1,338
primes_sieve,lumen-interp,2,344
primes_sieve,lumen-interp,3,341
